id_estacao,data,precipitacao_total_diaria,temperatura_media_max,temperatura_media_min,temperatura_media_geral
A304,2009-12-01,0.0,27.6875,26.870833333333337,27.279166666666669
A304,2009-12-02,0.0,27.433333333333334,26.766666666666673,27.1
A304,2009-12-03,0.0,27.2,26.612500000000008,26.906250000000004
A304,2009-12-04,0.60000000000000009,27.616666666666671,26.816666666666663,27.216666666666669
A304,2009-12-05,1.0,27.6875,26.912499999999998,27.299999999999997
A304,2009-12-06,0.2,27.891666666666666,27.070833333333336,27.481250000000003
A304,2009-12-07,1.0,27.912499999999998,26.9625,27.4375
A304,2009-12-08,0.0,27.745833333333334,26.970833333333331,27.358333333333334
A304,2009-12-09,0.0,27.720833333333331,26.904166666666665,27.3125
A304,2009-12-10,1.2,27.616666666666667,26.866666666666664,27.241666666666667
A304,2009-12-11,0.0,27.858333333333334,27.020833333333332,27.439583333333331
A304,2009-12-12,0.0,27.537499999999998,26.800000000000008,27.168750000000003
A304,2009-12-13,0.0,27.483333333333338,26.516666666666666,27.0
A304,2009-12-14,0.0,27.858333333333327,26.949999999999996,27.404166666666661
A304,2009-12-15,2.0,27.912499999999998,27.029166666666669,27.470833333333331
A304,2009-12-16,1.4,27.566666666666666,26.333333333333332,26.95
A304,2009-12-17,0.0,27.995833333333334,27.187499999999993,27.591666666666661
A304,2009-12-18,0.6,27.933333333333334,27.091666666666661,27.512499999999996
A304,2009-12-19,0.0,28.141666666666662,27.37916666666667,27.760416666666664
A304,2009-12-20,0.0,28.058333333333326,27.291666666666661,27.674999999999994
A304,2009-12-21,0.4,27.674999999999997,26.758333333333329,27.216666666666661
A304,2009-12-22,0.6,27.404166666666665,26.491666666666667,26.947916666666664
A304,2009-12-23,0.2,28.0625,27.270833333333332,27.666666666666664
A304,2009-12-24,0.0,27.954166666666662,27.162499999999998,27.55833333333333
A304,2009-12-25,0.6,27.983333333333334,27.204166666666669,27.59375
A304,2009-12-26,0.2,28.233333333333331,27.516666666666666,27.875
A304,2009-12-27,0.0,28.012500000000003,27.445833333333333,27.729166666666668
A304,2009-12-28,0.0,28.458333333333336,27.608333333333334,28.033333333333335
A304,2009-12-29,0.0,28.220833333333331,27.387499999999996,27.804166666666664
A304,2009-12-30,0.0,28.041666666666668,27.19166666666667,27.616666666666667
A304,2009-12-31,0.0,27.845833333333335,26.883333333333333,27.364583333333336
A304,2010-01-01,0.2,28.283333333333335,27.370833333333334,27.827083333333334
A304,2010-01-02,0.4,28.183333333333334,27.216666666666661,27.699999999999996
A304,2010-01-03,9.2000000000000011,27.345833333333335,26.333333333333336,26.839583333333337
A304,2010-01-04,0.0,28.008333333333329,27.212500000000002,27.610416666666666
A304,2010-01-05,0.0,28.104166666666661,27.275000000000002,27.689583333333331
A304,2010-01-06,0.0,27.741666666666667,26.80416666666666,27.272916666666664
A304,2010-01-07,0.0,28.270833333333329,27.420833333333341,27.845833333333335
A304,2010-01-08,0.0,27.829166666666662,27.016666666666666,27.422916666666666
A304,2010-01-09,0.0,28.012500000000003,27.275000000000002,27.643750000000004
A304,2010-01-10,0.4,26.974999999999998,26.070833333333329,26.522916666666664
A304,2010-01-11,0.0,27.983333333333334,27.154166666666661,27.568749999999998
A304,2010-01-12,0.0,27.999999999999993,27.145833333333339,27.572916666666664
A304,2010-01-13,0.0,28.040909090909089,27.277272727272727,27.659090909090907
A304,2010-01-14,0.0,28.291666666666664,27.55,27.920833333333334
A304,2010-01-15,0.0,28.329166666666666,27.4625,27.895833333333332
A304,2010-01-16,0.0,28.470833333333335,27.670833333333334,28.070833333333333
A304,2010-01-17,7.1999999999999993,27.966666666666669,26.904166666666665,27.435416666666669
A304,2010-01-18,0.0,26.858333333333327,25.891666666666673,26.375
A304,2010-01-19,5.3999999999999995,27.774999999999995,26.841666666666669,27.30833333333333
A304,2010-01-20,0.8,28.341666666666669,27.416666666666668,27.87916666666667
A304,2010-01-21,21.8,28.175,27.291666666666661,27.733333333333331
A304,2010-01-22,0.0,28.37083333333333,27.645833333333336,28.008333333333333
A304,2010-01-23,0.0,28.079166666666666,27.191666666666666,27.635416666666664
A304,2010-01-24,1.7999999999999998,27.62916666666667,26.654166666666669,27.141666666666669
A304,2010-01-25,0.0,28.133333333333333,27.258333333333333,27.695833333333333
A304,2010-01-26,0.0,28.729166666666668,27.974999999999994,28.352083333333333
A304,2010-01-27,0.0,28.912499999999998,28.170833333333338,28.541666666666668
A304,2010-01-28,0.0,28.7875,28.020833333333339,28.404166666666669
A304,2010-01-29,0.0,28.674999999999997,27.904166666666669,28.289583333333333
A304,2010-01-30,0.0,28.804166666666667,27.8875,28.345833333333331
A304,2010-01-31,19.799999999999997,27.954166666666666,26.979166666666664,27.466666666666665
A304,2010-02-01,7.3999999999999995,28.304166666666671,27.291666666666668,27.797916666666669
A304,2010-02-02,4.6,27.391666666666669,26.437500000000004,26.914583333333336
A304,2010-02-03,0.8,28.470833333333335,27.766666666666666,28.11875
A304,2010-02-04,0.0,28.879166666666666,28.179166666666667,28.529166666666669
A304,2010-02-05,0.0,28.983333333333331,28.25416666666667,28.61875
A304,2010-02-06,3.8000000000000003,27.766666666666662,26.962500000000002,27.364583333333332
A304,2010-02-07,0.0,28.129166666666663,27.341666666666661,27.735416666666662
A304,2010-02-08,0.0,28.712500000000002,28.045833333333331,28.379166666666666
A304,2010-02-09,0.0,28.3875,27.691666666666663,28.039583333333333
A304,2010-02-10,21.000000000000004,27.858333333333331,26.974999999999998,27.416666666666664
A304,2010-02-11,5.6,27.420833333333338,26.454166666666669,26.937500000000004
A304,2010-02-12,0.0,28.1,27.329166666666669,27.714583333333337
A304,2010-02-13,12.0,26.979166666666671,26.129166666666663,26.554166666666667
A304,2010-02-14,0.0,28.283333333333331,27.641666666666662,27.9625
A304,2010-02-15,0.0,28.5625,27.9375,28.25
A304,2010-02-16,0.0,28.529166666666669,27.925000000000004,28.227083333333336
A304,2010-02-17,4.4,28.25416666666667,27.541666666666661,27.897916666666667
A304,2010-02-18,0.0,28.637499999999996,28.0125,28.324999999999996
A304,2010-02-19,1.5999999999999999,28.858333333333334,28.07083333333334,28.464583333333337
A304,2010-02-20,4.8000000000000007,28.583333333333339,27.704166666666662,28.14375
A304,2010-02-21,11.4,27.575,26.741666666666667,27.158333333333331
A304,2010-02-22,1.6,27.599999999999998,26.704166666666666,27.15208333333333
A304,2010-02-23,0.0,28.400000000000006,27.641666666666669,28.020833333333336
A304,2010-02-24,0.0,28.87916666666667,28.237500000000008,28.558333333333337
A304,2010-02-25,0.0,28.933333333333326,28.304166666666667,28.61875
A304,2010-02-26,0.0,28.929166666666667,28.245833333333334,28.5875
A304,2010-02-27,0.0,29.087500000000002,28.283333333333331,28.685416666666669
A304,2010-02-28,0.0,28.929166666666671,28.074999999999996,28.502083333333331
A304,2010-03-01,0.0,28.862499999999997,28.095833333333335,28.479166666666664
A304,2010-03-02,0.0,28.854166666666671,28.041666666666668,28.447916666666671
A304,2010-03-03,0.0,29.05,28.175000000000008,28.612500000000004
A304,2010-03-04,0.0,29.1625,28.3,28.731250000000003
A304,2010-03-05,0.0,29.133333333333329,28.233333333333331,28.68333333333333
A304,2010-03-06,0.0,29.2625,28.341666666666669,28.802083333333336
A304,2010-03-07,0.0,29.466666666666658,28.583333333333336,29.025
A304,2010-03-08,0.0,29.558333333333334,28.562499999999996,29.060416666666665
A304,2010-03-09,0.2,29.475,28.654166666666665,29.064583333333331
A304,2010-03-10,0.4,29.170833333333331,28.125000000000004,28.647916666666667
A304,2010-03-11,0.0,29.049999999999997,28.025000000000002,28.5375
A304,2010-03-12,0.0,29.383333333333336,28.570833333333336,28.977083333333336
A304,2010-03-13,0.0,29.604166666666664,28.716666666666672,29.16041666666667
A304,2010-03-14,0.2,29.30833333333333,28.195833333333336,28.752083333333331
A304,2010-03-15,0.4,29.200000000000003,28.258333333333336,28.729166666666671
A304,2010-03-16,0.0,29.666666666666664,28.716666666666669,29.191666666666666
A304,2010-03-17,0.0,28.791666666666664,27.62083333333333,28.206249999999997
A304,2010-03-18,0.4,28.691666666666663,27.566666666666663,28.129166666666663
A304,2010-03-19,3.2,28.416666666666668,27.595833333333339,28.00625
A304,2010-03-20,0.0,29.179166666666667,28.2125,28.695833333333333
A304,2010-03-21,2.8000000000000003,28.945833333333329,28.133333333333336,28.539583333333333
A304,2010-03-22,0.0,29.704166666666666,28.895833333333336,29.3
A304,2010-03-23,0.0,29.6875,28.741666666666664,29.21458333333333
A304,2010-03-24,4.0,27.962500000000002,27.016666666666669,27.489583333333336
A304,2010-03-25,0.0,28.866666666666667,27.954166666666666,28.410416666666666
A304,2010-03-26,0.0,28.199999999999996,27.175,27.6875
A304,2010-03-27,4.8000000000000007,28.441666666666666,27.212500000000002,27.827083333333334
A304,2010-03-28,1.0,28.491666666666667,27.4375,27.964583333333334
A304,2010-03-29,46.6,27.937499999999996,26.966666666666669,27.452083333333334
A304,2010-03-30,0.2,28.904166666666669,28.1125,28.508333333333333
A304,2010-03-31,0.0,29.416666666666668,28.608333333333331,29.0125
A304,2010-04-01,0.0,29.5,28.637500000000003,29.06875
A304,2010-04-02,0.0,29.833333333333332,29.099999999999998,29.466666666666665
A304,2010-04-03,0.0,29.683333333333334,28.65,29.166666666666664
A304,2010-04-04,0.0,29.266666666666666,28.454166666666662,28.860416666666666
A304,2010-04-05,0.0,29.329166666666666,28.341666666666665,28.835416666666667
A304,2010-04-06,0.0,28.354166666666664,27.045833333333331,27.699999999999996
A304,2010-04-07,0.0,28.329166666666669,27.474999999999998,27.902083333333334
A304,2010-04-08,0.0,28.945833333333336,28.141666666666666,28.543750000000003
A304,2010-04-09,0.0,27.341666666666665,26.566666666666663,26.954166666666666
A304,2010-04-10,0.0,26.087499999999991,25.320833333333333,25.704166666666662
A304,2010-04-11,0.0,27.541666666666668,26.825000000000003,27.183333333333337
A304,2010-04-12,0.0,28.475,27.741666666666667,28.108333333333334
A304,2010-04-13,0.0,28.908333333333335,28.2,28.554166666666667
A304,2010-04-14,0.0,28.604166666666668,27.820833333333333,28.2125
A304,2010-04-15,0.0,28.612499999999997,27.829166666666669,28.220833333333331
A304,2010-04-16,0.0,29.395833333333332,28.529166666666665,28.9625
A304,2010-04-17,0.0,26.404166666666669,25.229166666666664,25.816666666666666
A304,2010-04-18,0.60000000000000009,27.154166666666669,26.179166666666667,26.666666666666668
A304,2010-04-19,1.6,27.483333333333338,26.866666666666671,27.175000000000004
A304,2010-04-20,21.199999999999996,28.333333333333332,27.558333333333326,27.945833333333329
A304,2010-04-21,16.4,28.266666666666666,27.433333333333334,27.85
A304,2010-04-22,2.6,27.495833333333334,26.583333333333332,27.039583333333333
A304,2010-04-23,0.60000000000000009,27.454166666666666,26.650000000000006,27.052083333333336
A304,2010-04-24,1.0,29.125,28.320833333333336,28.72291666666667
A304,2010-04-25,0.2,29.12916666666667,28.3625,28.745833333333337
A304,2010-04-26,0.0,28.35,27.541666666666668,27.945833333333333
A304,2010-04-27,0.0,28.387500000000003,27.566666666666663,27.977083333333333
A304,2010-04-28,0.0,28.3,27.504166666666663,27.90208333333333
A304,2010-04-29,0.0,28.45,27.525000000000002,27.9875
A304,2010-04-30,0.0,28.383333333333329,27.570833333333336,27.977083333333333
A304,2010-05-01,0.0,28.391666666666662,27.637499999999996,28.014583333333327
A304,2010-05-02,0.0,28.404166666666669,27.6875,28.045833333333334
A304,2010-05-03,0.0,27.595833333333339,26.550000000000004,27.072916666666671
A304,2010-05-04,0.0,28.266666666666662,27.466666666666672,27.866666666666667
A304,2010-05-05,0.0,25.341666666666672,24.795833333333334,25.06875
A304,2010-05-06,0.0,27.05,26.391666666666666,26.720833333333331
A304,2010-05-07,0.0,28.141666666666669,27.362500000000004,27.752083333333339
A304,2010-05-08,0.0,27.4875,26.770833333333332,27.129166666666666
A304,2010-05-09,0.0,27.583333333333339,26.720833333333328,27.152083333333334
A304,2010-05-10,0.0,27.495833333333337,26.654166666666661,27.075
A304,2010-05-11,0.0,28.045833333333338,27.324999999999996,27.685416666666669
A304,2010-05-12,0.0,28.350000000000005,27.604166666666661,27.977083333333333
A304,2010-05-13,0.0,28.587500000000006,27.683333333333334,28.135416666666671
A304,2010-05-14,0.0,28.520833333333336,27.783333333333331,28.152083333333334
A304,2010-05-15,0.0,28.054166666666674,27.266666666666669,27.66041666666667
A304,2010-05-16,0.0,27.695833333333333,26.837500000000002,27.266666666666666
A304,2010-05-17,0.0,27.987500000000004,27.029166666666665,27.508333333333333
A304,2010-05-18,0.0,27.700000000000003,26.820833333333336,27.260416666666671
A304,2010-05-19,0.0,27.695833333333329,26.816666666666663,27.256249999999994
A304,2010-05-20,0.0,27.612499999999994,26.775,27.193749999999994
A304,2010-05-21,0.0,27.933333333333334,27.091666666666665,27.5125
A304,2010-05-22,0.0,28.125,27.241666666666664,27.68333333333333
A304,2010-05-23,0.2,28.545833333333334,27.700000000000003,28.122916666666669
A304,2010-05-24,0.0,27.808333333333334,26.99583333333333,27.40208333333333
A304,2010-05-25,0.0,26.466666666666669,25.44166666666667,25.954166666666669
A304,2010-05-26,0.0,26.945833333333329,26.237500000000004,26.591666666666669
A304,2010-05-27,0.8,27.829166666666666,27.045833333333334,27.4375
A304,2010-05-28,3.8000000000000016,27.712500000000002,27.016666666666666,27.364583333333336
A304,2010-05-29,4.2000000000000011,27.9,27.18333333333333,27.541666666666664
A304,2010-05-30,2.1999999999999997,28.195833333333336,27.454166666666669,27.825000000000003
A304,2010-05-31,0.0,26.112500000000008,25.416666666666668,25.764583333333338
A304,2010-06-01,0.0,26.770833333333329,25.962500000000002,26.366666666666667
A304,2010-06-02,0.2,27.941666666666666,27.133333333333329,27.537499999999998
A304,2010-06-03,0.2,28.083333333333336,27.383333333333333,27.733333333333334
A304,2010-06-04,0.0,26.945833333333336,25.958333333333332,26.452083333333334
A304,2010-06-05,0.0,26.937500000000007,26.141666666666669,26.53958333333334
A304,2010-06-06,0.0,27.262500000000003,26.55833333333333,26.910416666666666
A304,2010-06-07,0.0,28.43333333333333,27.791666666666664,28.112499999999997
A304,2010-06-08,0.0,26.987499999999997,26.108333333333334,26.547916666666666
A304,2010-06-09,0.0,26.416666666666668,25.570833333333336,25.993750000000002
A304,2010-06-10,0.0,26.604166666666668,25.766666666666666,26.185416666666669
A304,2010-06-11,14.6,27.2125,26.499999999999993,26.856249999999996
A304,2010-06-12,14.0,27.000000000000004,26.166666666666668,26.583333333333336
A304,2010-06-13,0.0,26.304166666666671,25.416666666666664,25.860416666666666
A304,2010-06-14,0.0,24.262500000000003,23.558333333333337,23.91041666666667
A304,2010-06-15,0.0,23.945833333333333,23.450000000000003,23.697916666666668
A304,2010-06-16,0.0,25.93333333333333,25.245833333333337,25.589583333333334
A304,2010-06-17,22.8,24.749999999999996,24.104166666666668,24.427083333333332
A304,2010-06-18,41.199999999999996,27.3,26.416666666666668,26.858333333333334
A304,2010-06-19,0.0,27.754166666666663,27.112500000000004,27.433333333333334
A304,2010-06-20,0.0,26.3125,25.416666666666668,25.864583333333336
A304,2010-06-21,0.0,26.699999999999996,25.929166666666664,26.314583333333331
A304,2010-06-22,0.0,26.395833333333329,25.583333333333332,25.989583333333329
A304,2010-06-23,0.0,26.941666666666666,26.220833333333328,26.581249999999997
A304,2010-06-24,0.0,26.5375,25.68333333333333,26.110416666666666
A304,2010-06-25,0.0,26.095833333333335,25.291666666666664,25.69375
A304,2010-06-26,0.0,26.3,25.445833333333326,25.872916666666661
A304,2010-06-27,0.0,26.825,25.808333333333334,26.316666666666666
A304,2010-06-28,0.0,26.245833333333337,25.166666666666661,25.706249999999997
A304,2010-06-29,0.0,25.670833333333334,24.891666666666669,25.28125
A304,2010-06-30,0.0,26.375000000000004,25.470833333333328,25.922916666666666
A304,2010-07-01,0.0,25.112499999999994,24.287499999999998,24.699999999999996
A304,2010-07-02,0.0,25.008333333333333,24.041666666666668,24.525
A304,2010-07-03,0.0,24.9125,24.208333333333332,24.560416666666669
A304,2010-07-04,0.0,25.841666666666665,25.020833333333332,25.43125
A304,2010-07-05,0.0,25.895833333333329,25.0375,25.466666666666665
A304,2010-07-06,0.0,25.941666666666666,25.191666666666674,25.56666666666667
A304,2010-07-07,0.0,24.2125,23.704166666666666,23.958333333333332
A304,2010-07-08,0.0,24.975,24.341666666666665,24.658333333333331
A304,2010-07-09,0.0,25.141666666666666,24.287500000000005,24.714583333333337
A304,2010-07-10,0.0,26.175000000000004,25.179166666666671,25.677083333333336
A304,2010-07-11,0.0,25.80833333333333,24.85,25.329166666666666
A304,2010-07-12,0.0,25.883333333333333,24.929166666666667,25.40625
A304,2010-07-13,0.0,26.625,25.708333333333329,26.166666666666664
A304,2010-07-14,0.0,27.174999999999994,26.333333333333336,26.754166666666663
A304,2010-07-15,0.0,26.150000000000006,25.245833333333334,25.697916666666671
A304,2010-07-16,0.0,24.733333333333331,24.104166666666668,24.41875
A304,2010-07-17,0.0,26.3875,25.612500000000004,26.0
A304,2010-07-18,0.0,25.458333333333329,24.708333333333336,25.083333333333332
A304,2010-07-19,0.0,25.691666666666663,24.766666666666669,25.229166666666664
A304,2010-07-20,0.0,25.545833333333331,24.69166666666667,25.11875
A304,2010-07-21,0.0,25.68333333333333,24.824999999999996,25.254166666666663
A304,2010-07-22,0.0,24.533333333333331,23.68333333333333,24.108333333333331
A304,2010-07-23,0.0,25.141666666666666,24.270833333333336,24.70625
A304,2010-07-24,0.0,25.445833333333336,24.56666666666667,25.00625
A304,2010-07-25,0.0,23.395833333333336,22.87083333333333,23.133333333333333
A304,2010-07-26,0.0,23.875,23.425,23.65
A304,2010-07-27,0.0,25.158333333333335,24.383333333333333,24.770833333333336
A304,2010-07-28,2.6,25.625,24.866666666666671,25.245833333333337
A304,2010-07-29,1.7999999999999998,25.0,24.091666666666665,24.545833333333334
A304,2010-07-30,0.2,25.408333333333331,24.537499999999994,24.972916666666663
A304,2010-07-31,19.799999999999997,24.041666666666664,23.158333333333335,23.6
A304,2010-08-01,2.0,24.599999999999998,23.9625,24.28125
A304,2010-08-02,4.0,24.886956521739137,23.756521739130434,24.321739130434786
A304,2010-08-03,3.6,24.141176470588231,23.2,23.670588235294115
A304,2010-08-04,0.4,25.045833333333334,23.970833333333335,24.508333333333333
A304,2010-08-05,0.4,24.616666666666667,23.383333333333333,24.0
A304,2010-08-06,1.0,24.295833333333327,23.379166666666666,23.8375
A304,2010-08-07,0.0,25.429166666666671,24.629166666666666,25.029166666666669
A304,2010-08-08,0.0,25.383333333333333,24.491666666666667,24.9375
A304,2010-08-09,17.2,24.80833333333333,23.7125,24.260416666666664
A304,2010-08-10,9.5999999999999979,25.162499999999998,24.404166666666665,24.783333333333331
A304,2010-08-11,0.0,24.837500000000006,23.920833333333338,24.37916666666667
A304,2010-08-12,0.0,24.804166666666667,23.962500000000002,24.383333333333333
A304,2010-08-13,4.6000000000000005,24.541666666666664,23.754166666666663,24.147916666666664
A304,2010-08-14,0.0,24.883333333333333,23.991666666666671,24.4375
A304,2010-08-15,0.0,25.208333333333336,24.291666666666664,24.75
A304,2010-08-16,0.0,25.466666666666661,24.624999999999996,25.045833333333327
A304,2010-08-17,0.0,25.770833333333332,24.991666666666671,25.38125
A304,2010-08-18,0.2,25.137500000000003,24.162499999999998,24.65
A304,2010-08-19,0.0,24.866666666666667,23.9375,24.402083333333334
A304,2010-08-20,0.0,24.883333333333333,23.983333333333334,24.433333333333334
A304,2010-08-21,1.7999999999999998,24.862500000000004,23.933333333333334,24.397916666666667
A304,2010-08-22,30.0,24.545833333333334,23.679166666666667,24.1125
A304,2010-08-23,1.0,24.575000000000003,23.870833333333337,24.22291666666667
A304,2010-08-24,1.6,24.68333333333333,23.775000000000002,24.229166666666664
A304,2010-08-25,0.4,25.358333333333338,24.3875,24.872916666666669
A304,2010-08-26,0.0,25.566666666666666,24.7125,25.139583333333334
A304,2010-08-27,2.6,25.320833333333329,24.541666666666671,24.93125
A304,2010-08-28,0.0,25.499999999999996,24.670833333333334,25.085416666666667
A304,2010-08-29,0.8,25.424999999999994,24.512500000000003,24.96875
A304,2010-08-30,0.0,25.795833333333334,24.891666666666666,25.34375
A304,2010-08-31,1.8,25.520833333333336,24.8,25.16041666666667
A304,2010-09-01,0.0,26.079166666666666,25.13333333333334,25.606250000000003
A304,2010-09-02,1.2,25.691666666666659,24.775000000000002,25.233333333333331
A304,2010-09-03,1.2,25.029166666666669,24.150000000000002,24.589583333333337
A304,2010-09-04,0.8,24.620833333333334,23.479166666666664,24.049999999999997
A304,2010-09-05,0.0,25.016666666666666,24.212500000000002,24.614583333333336
A304,2010-09-06,0.0,25.5875,24.5625,25.075
A304,2010-09-07,3.6000000000000005,24.666666666666668,23.516666666666662,24.091666666666665
A304,2010-09-08,5.0,24.9625,23.804166666666667,24.383333333333333
A304,2010-09-09,12.600000000000001,24.700000000000006,23.704166666666666,24.202083333333334
A304,2010-09-10,5.8,25.329166666666666,24.500000000000004,24.914583333333333
A304,2010-09-11,0.2,25.029166666666665,24.120833333333334,24.575
A304,2010-09-12,0.2,25.320833333333329,24.50416666666667,24.9125
A304,2010-09-13,0.0,25.575,24.670833333333334,25.122916666666669
A304,2010-09-14,0.8,25.85,24.825000000000003,25.337500000000002
A304,2010-09-15,0.60000000000000009,25.362500000000008,24.591666666666661,24.977083333333333
A304,2010-09-16,0.0,25.3625,24.479166666666664,24.920833333333334
A304,2010-09-17,0.2,26.166666666666664,25.179166666666664,25.672916666666666
A304,2010-09-18,0.0,26.279166666666669,25.437499999999993,25.858333333333331
A304,2010-09-19,0.0,26.595833333333335,25.824999999999996,26.210416666666667
A304,2010-09-20,1.2,25.229166666666671,24.304166666666667,24.766666666666669
A304,2010-09-21,0.0,25.5625,24.6875,25.125
A304,2010-09-22,0.0,26.541666666666664,25.604166666666664,26.072916666666664
A304,2010-09-23,0.0,25.9,24.941666666666666,25.420833333333334
A304,2010-09-24,0.2,25.712500000000002,24.675000000000004,25.19375
A304,2010-09-25,0.0,26.570833333333333,25.708333333333336,26.139583333333334
A304,2010-09-26,0.0,26.741666666666664,26.049999999999997,26.395833333333329
A304,2010-09-27,0.0,26.666666666666668,25.7375,26.202083333333334
A304,2010-09-28,2.8000000000000003,25.829166666666666,24.808333333333334,25.31875
A304,2010-09-29,0.0,26.766666666666666,26.029166666666669,26.397916666666667
A304,2010-09-30,0.0,26.908333333333331,26.116666666666664,26.512499999999996
A304,2010-10-01,0.0,26.9875,26.266666666666676,26.627083333333339
A304,2010-10-02,0.0,27.554166666666671,26.716666666666669,27.135416666666671
A304,2010-10-03,0.0,27.2,26.379166666666663,26.789583333333333
A304,2010-10-04,0.0,26.825,25.87083333333333,26.347916666666663
A304,2010-10-05,0.0,26.570833333333333,25.629166666666666,26.1
A304,2010-10-06,0.0,26.345833333333339,25.425,25.885416666666671
A304,2010-10-07,0.0,26.7625,25.816666666666666,26.289583333333333
A304,2010-10-08,0.2,27.129166666666663,26.25,26.689583333333331
A304,2010-10-09,0.0,26.933333333333334,26.1125,26.522916666666667
A304,2010-10-10,0.0,27.245833333333334,26.470833333333339,26.858333333333334
A304,2010-10-11,0.0,27.416666666666664,26.579166666666669,26.997916666666669
A304,2010-10-12,0.0,27.420833333333331,26.7125,27.066666666666663
A304,2010-10-13,0.0,27.2875,26.4625,26.875
A304,2010-10-14,0.0,27.445833333333329,26.745833333333341,27.095833333333335
A304,2010-10-15,0.0,27.308333333333334,26.516666666666669,26.9125
A304,2010-10-16,0.0,27.141666666666666,26.341666666666669,26.741666666666667
A304,2010-10-17,0.4,26.770833333333332,25.916666666666668,26.34375
A304,2010-10-18,0.0,27.387499999999996,26.50833333333334,26.947916666666668
A304,2010-10-19,0.0,27.208333333333329,26.420833333333334,26.814583333333331
A304,2010-10-20,0.0,27.25,26.4,26.825
A304,2010-10-21,0.0,27.241666666666664,26.395833333333332,26.818749999999998
A304,2010-10-22,0.0,27.349999999999998,26.583333333333336,26.966666666666669
A304,2010-10-23,0.0,27.575,26.791666666666671,27.183333333333337
A304,2010-10-24,0.0,27.495833333333337,26.579166666666666,27.0375
A304,2010-10-25,0.0,27.508333333333333,26.6375,27.072916666666664
A304,2010-10-26,2.2,27.433333333333337,26.483333333333334,26.958333333333336
A304,2010-10-27,0.0,27.50416666666667,26.595833333333331,27.05
A304,2010-10-28,0.0,27.695833333333336,26.879166666666666,27.2875
A304,2010-10-29,0.0,27.8125,26.925000000000004,27.368750000000002
A304,2010-10-30,5.0,27.270833333333332,26.304166666666671,26.7875
A304,2010-10-31,0.0,27.483333333333331,26.670833333333334,27.077083333333334
A304,2010-11-01,1.0,27.516666666666662,26.533333333333331,27.025
A304,2010-11-02,0.0,27.575,26.775000000000002,27.175
A304,2010-11-03,0.0,27.429166666666664,26.608333333333331,27.018749999999997
A304,2010-11-04,0.2,27.579166666666666,26.808333333333337,27.19375
A304,2010-11-05,0.0,27.945833333333336,27.112500000000008,27.529166666666672
A304,2010-11-06,0.0,27.729166666666661,26.916666666666668,27.322916666666664
A304,2010-11-07,0.0,27.866666666666667,27.087499999999995,27.477083333333333
A304,2010-11-08,0.0,27.87083333333333,27.083333333333336,27.477083333333333
A304,2010-11-09,0.6,27.62916666666667,26.674999999999997,27.152083333333334
A304,2010-11-10,0.4,26.883333333333336,25.729166666666668,26.306250000000002
A304,2010-11-11,0.0,27.67916666666666,26.700000000000006,27.189583333333331
A304,2010-11-12,1.0,27.762500000000006,26.762500000000003,27.262500000000003
A304,2010-11-13,0.8,27.454166666666666,26.375000000000004,26.914583333333333
A304,2010-11-14,0.2,27.604166666666661,26.8,27.202083333333331
A304,2010-11-15,0.0,27.516666666666666,26.766666666666666,27.141666666666666
A304,2010-11-16,0.0,27.483333333333334,26.716666666666661,27.099999999999998
A304,2010-11-17,0.0,27.55833333333333,26.754166666666659,27.156249999999993
A304,2010-11-18,0.0,27.449999999999996,26.383333333333336,26.916666666666664
A304,2010-11-19,0.0,27.829166666666666,27.033333333333335,27.43125
A304,2010-11-20,0.0,27.837499999999995,27.066666666666663,27.452083333333327
A304,2010-11-21,0.0,27.887499999999996,27.095833333333331,27.491666666666664
A304,2010-11-22,0.0,27.591666666666672,26.766666666666669,27.179166666666671
A304,2010-11-23,0.0,27.575,26.787500000000005,27.181250000000002
A304,2010-11-24,0.0,27.829166666666666,27.0,27.414583333333333
A304,2010-11-25,0.0,27.875,27.083333333333332,27.479166666666664
A304,2010-11-26,0.0,27.862499999999997,27.083333333333336,27.472916666666666
A304,2010-11-27,0.0,27.770833333333332,26.966666666666669,27.36875
A304,2010-11-28,0.0,27.941666666666663,27.054166666666671,27.497916666666669
A304,2010-11-29,0.0,27.791666666666668,26.891666666666669,27.341666666666669
A304,2010-11-30,0.60000000000000009,27.541666666666668,26.708333333333332,27.125
A304,2010-12-01,3.8,27.50416666666667,26.462500000000002,26.983333333333334
A304,2010-12-02,1.0,27.599999999999998,26.674999999999997,27.137499999999996
A304,2010-12-03,0.0,27.762499999999996,26.8625,27.3125
A304,2010-12-04,0.0,27.612499999999994,26.820833333333329,27.216666666666661
A304,2010-12-05,0.0,27.854166666666668,27.029166666666669,27.44166666666667
A304,2010-12-06,0.0,27.820833333333329,26.991666666666664,27.406249999999996
A304,2010-12-07,0.0,27.812499999999996,26.912500000000005,27.3625
A304,2010-12-08,0.0,27.595833333333331,26.858333333333331,27.227083333333333
A304,2010-12-09,0.0,27.991666666666664,27.225,27.608333333333334
A304,2010-12-10,0.0,27.799999999999997,27.208333333333339,27.50416666666667
A304,2010-12-11,0.0,28.204166666666659,27.462500000000002,27.833333333333329
A304,2010-12-12,0.2,28.045833333333331,27.083333333333332,27.564583333333331
A304,2010-12-13,0.0,27.916666666666668,27.054166666666671,27.485416666666669
A304,2010-12-14,0.0,27.833333333333336,27.016666666666673,27.425000000000004
A304,2010-12-15,0.0,28.162499999999998,27.291666666666661,27.727083333333329
A304,2010-12-16,10.2,27.158333333333335,26.125000000000004,26.641666666666669
A304,2010-12-17,13.999999999999998,25.816666666666674,24.624999999999996,25.220833333333335
A304,2010-12-18,4.6000000000000014,26.683333333333334,25.612499999999997,26.147916666666667
A304,2010-12-19,2.4,27.7625,26.916666666666661,27.33958333333333
A304,2010-12-20,0.8,27.895833333333332,27.058333333333334,27.477083333333333
A304,2010-12-21,4.4000000000000021,27.779166666666669,26.820833333333329,27.299999999999997
A304,2010-12-22,2.1999999999999997,27.99583333333333,27.2125,27.604166666666664
A304,2010-12-23,0.2,27.637500000000003,26.695833333333329,27.166666666666664
A304,2010-12-24,0.0,28.075,27.345833333333335,27.710416666666667
A304,2010-12-25,0.0,28.041666666666668,27.329166666666669,27.685416666666669
A304,2010-12-26,0.0,28.05833333333333,27.270833333333332,27.664583333333333
A304,2010-12-27,0.0,27.975,27.220833333333339,27.59791666666667
A304,2010-12-28,0.0,27.608333333333331,26.658333333333331,27.133333333333333
A304,2010-12-29,0.0,27.758333333333333,26.7875,27.272916666666667
A304,2010-12-30,0.0,27.762499999999996,26.999999999999996,27.381249999999994
A304,2010-12-31,0.0,27.9125,27.016666666666666,27.464583333333334
A304,2011-01-01,0.4,28.004166666666666,27.179166666666667,27.591666666666669
A304,2011-01-02,0.0,28.162499999999998,27.38333333333334,27.772916666666667
A304,2011-01-03,0.0,28.058333333333337,27.308333333333337,27.683333333333337
A304,2011-01-04,3.0,26.249999999999996,25.45,25.849999999999998
A304,2011-01-05,10.6,27.908333333333331,27.15,27.529166666666665
A304,2011-01-06,6.0000000000000018,25.933333333333334,24.929166666666667,25.43125
A304,2011-01-07,32.4,25.837500000000006,25.254166666666674,25.545833333333341
A304,2011-01-08,0.0,26.945833333333333,26.083333333333336,26.514583333333334
A304,2011-01-09,37.399999999999991,27.320833333333333,26.458333333333332,26.889583333333334
A304,2011-01-10,14.600000000000001,26.991666666666664,26.308333333333337,26.65
A304,2011-01-11,3.0000000000000004,26.791666666666664,25.812499999999996,26.302083333333329
A304,2011-01-12,3.2000000000000006,27.354166666666668,26.283333333333328,26.818749999999998
A304,2011-01-13,3.600000000000001,27.745833333333337,26.879166666666666,27.3125
A304,2011-01-14,2.1999999999999997,27.512500000000003,26.5375,27.025000000000002
A304,2011-01-15,0.8,27.354166666666668,26.504166666666663,26.929166666666667
A304,2011-01-16,0.0,27.970833333333335,27.175000000000004,27.572916666666671
A304,2011-01-17,0.0,27.854166666666668,27.308333333333334,27.58125
A304,2011-01-18,0.0,27.870833333333337,26.975,27.422916666666669
A304,2011-01-19,0.4,26.916666666666668,26.204166666666669,26.560416666666669
A304,2011-01-20,5.4,26.337499999999995,25.783333333333335,26.060416666666665
A304,2011-01-21,0.2,26.670833333333334,25.870833333333337,26.270833333333336
A304,2011-01-22,2.1999999999999997,25.474999999999994,24.4875,24.981249999999996
A304,2011-01-23,24.799999999999997,26.25,25.262499999999996,25.756249999999998
A304,2011-01-24,87.800000000000011,25.641666666666666,24.7375,25.189583333333331
A304,2011-01-25,8.2000000000000011,26.370833333333337,25.454166666666666,25.9125
A304,2011-01-26,0.0,27.170833333333331,26.383333333333329,26.77708333333333
A304,2011-01-27,1.8,27.645833333333332,26.574999999999996,27.110416666666666
A304,2011-01-28,1.2000000000000002,27.658333333333339,26.654166666666669,27.156250000000004
A304,2011-01-29,0.0,27.733333333333334,26.924999999999997,27.329166666666666
A304,2011-01-30,7.4,28.145833333333336,27.229166666666664,27.6875
A304,2011-01-31,6.8,27.575000000000003,26.725000000000005,27.150000000000006
A304,2011-02-01,0.0,28.225,27.520833333333336,27.872916666666669
A304,2011-02-02,0.0,28.183333333333337,27.487500000000004,27.835416666666671
A304,2011-02-03,0.0,27.9125,27.095833333333335,27.50416666666667
A304,2011-02-04,0.0,28.287499999999994,27.550000000000004,27.91875
A304,2011-02-05,1.2,28.170833333333331,27.366666666666667,27.768749999999997
A304,2011-02-06,0.0,28.291666666666671,27.49583333333333,27.89375
A304,2011-02-07,0.0,28.6,27.904166666666669,28.252083333333335
A304,2011-02-08,0.0,28.258333333333329,27.325000000000003,27.791666666666664
A304,2011-02-09,0.0,28.241666666666664,27.483333333333334,27.862499999999997
A304,2011-02-10,0.0,28.341666666666669,27.525000000000002,27.933333333333337
A304,2011-02-11,0.0,28.5125,27.554166666666667,28.033333333333331
A304,2011-02-12,4.8,27.608333333333331,26.479166666666671,27.043750000000003
A304,2011-02-13,16.6,27.074999999999996,26.05833333333333,26.566666666666663
A304,2011-02-14,20.8,26.916666666666668,25.883333333333336,26.400000000000002
A304,2011-02-15,0.4,28.341666666666669,27.620833333333337,27.981250000000003
A304,2011-02-16,1.0,28.037499999999998,27.216666666666661,27.627083333333331
A304,2011-02-17,7.6,27.358333333333334,26.445833333333336,26.902083333333337
A304,2011-02-18,0.2,27.616666666666664,26.666666666666664,27.141666666666666
A304,2011-02-19,0.0,28.329166666666659,27.579166666666666,27.954166666666662
A304,2011-02-20,9.7999999999999989,26.43333333333333,25.762500000000003,26.097916666666666
A304,2011-02-21,0.8,26.858333333333334,26.058333333333334,26.458333333333336
A304,2011-02-22,0.4,28.2125,27.2125,27.7125
A304,2011-02-23,0.2,28.425,27.620833333333337,28.022916666666667
A304,2011-02-24,0.0,28.550000000000008,27.808333333333334,28.179166666666671
A304,2011-02-25,0.0,28.737499999999997,28.012500000000003,28.375
A304,2011-02-26,5.2,28.212500000000002,27.350000000000005,27.781250000000004
A304,2011-02-27,0.4,27.766666666666669,26.895833333333336,27.331250000000004
A304,2011-02-28,0.4,27.945833333333336,27.016666666666669,27.481250000000003
A304,2011-03-01,0.0,27.779166666666665,26.841666666666665,27.310416666666665
A304,2011-03-02,0.0,27.745833333333334,26.720833333333328,27.233333333333331
A304,2011-03-03,0.0,28.329166666666669,27.362499999999997,27.845833333333331
A304,2011-03-04,12.2,27.712499999999995,26.691666666666666,27.202083333333331
A304,2011-03-05,0.0,28.62083333333333,27.812500000000007,28.216666666666669
A304,2011-03-06,2.6,28.0125,26.954166666666669,27.483333333333334
A304,2011-03-07,0.2,28.883333333333333,28.108333333333338,28.495833333333337
A304,2011-03-08,12.8,28.170833333333338,26.55,27.360416666666669
A304,2011-03-09,18.599999999999998,26.782608695652172,25.88260869565217,26.332608695652169
A304,2011-03-10,14.4,27.666666666666664,26.6125,27.139583333333334
A304,2011-03-11,6.2,27.970833333333335,26.883333333333329,27.427083333333332
A304,2011-03-12,3.4,28.475,27.558333333333334,28.016666666666666
A304,2011-03-13,0.4,28.141666666666666,27.2,27.670833333333334
A304,2011-03-14,0.0,28.083333333333329,27.120833333333326,27.602083333333326
A304,2011-03-15,0.0,27.825,26.800000000000008,27.312500000000004
A304,2011-03-16,0.0,27.933333333333334,26.966666666666669,27.450000000000003
A304,2011-03-17,0.0,28.158333333333331,27.229166666666668,27.69375
A304,2011-03-18,0.0,28.116666666666671,27.058333333333334,27.587500000000002
A304,2011-03-19,0.0,27.716666666666661,26.712500000000002,27.21458333333333
A304,2011-03-20,0.0,28.358333333333331,27.395833333333332,27.877083333333331
A304,2011-03-21,0.0,28.483333333333334,27.458333333333329,27.970833333333331
A304,2011-03-22,0.0,28.591666666666661,27.562499999999996,28.077083333333327
A304,2011-03-23,0.0,28.316666666666674,27.320833333333333,27.81875
A304,2011-03-24,50.400000000000006,27.44166666666667,25.983333333333334,26.712500000000002
A304,2011-03-25,6.0,26.008333333333329,25.254166666666659,25.631249999999994
A304,2011-03-26,4.8,28.378260869565217,27.260869565217398,27.819565217391307
A304,2011-03-27,0.0,28.287500000000005,27.312499999999993,27.799999999999997
A304,2011-03-28,1.0,28.427272727272726,27.559090909090912,27.993181818181817
A304,2011-03-29,0.0,28.5952380952381,27.766666666666669,28.180952380952384
A304,2011-03-30,0.0,28.24285714285714,27.471428571428572,27.857142857142854
A304,2011-03-31,0.8,28.670833333333334,27.724999999999998,28.197916666666664
A304,2011-04-01,0.4,28.3375,27.295833333333331,27.816666666666663
A304,2011-04-02,12.2,28.941666666666663,27.983333333333334,28.4625
A304,2011-04-03,0.4,28.25,27.308333333333337,27.779166666666669
A304,2011-04-04,6.6000000000000005,28.45,27.425000000000004,27.9375
A304,2011-04-05,7.6,28.324999999999996,27.079166666666669,27.702083333333334
A304,2011-04-06,0.0,28.654166666666672,27.995833333333337,28.325000000000003
A304,2011-04-07,0.0,28.2125,27.304166666666671,27.758333333333333
A304,2011-04-08,2.2,28.2875,27.445833333333333,27.866666666666667
A304,2011-04-09,22.999999999999996,26.920833333333334,26.191666666666666,26.55625
A304,2011-04-10,1.9999999999999998,26.883333333333329,26.170833333333331,26.52708333333333
A304,2011-04-11,0.0,27.266666666666662,26.533333333333331,26.9
A304,2011-04-12,83.40000000000002,25.45,24.666666666666664,25.05833333333333
A304,2011-04-13,27.399999999999995,24.820833333333333,24.254166666666666,24.5375
A304,2011-04-14,9.5999999999999961,27.0,25.933333333333337,26.466666666666669
A304,2011-04-15,0.0,27.275000000000006,26.441666666666666,26.858333333333334
A304,2011-04-16,3.0,27.441666666666663,26.391666666666666,26.916666666666664
A304,2011-04-17,10.999999999999998,27.054166666666667,25.87083333333333,26.4625
A304,2011-04-18,45.2,25.295833333333334,24.424999999999997,24.860416666666666
A304,2011-04-19,8.7999999999999972,24.786956521739135,24.18695652173913,24.486956521739131
A304,2011-04-20,0.0,26.069565217391311,25.247826086956525,25.658695652173918
A304,2011-04-21,10.0,25.045833333333334,24.541666666666671,24.793750000000003
A304,2011-04-22,0.0,26.170833333333334,25.454166666666673,25.812500000000004
A304,2011-04-23,39.599999999999994,26.600000000000005,25.391666666666669,25.995833333333337
A304,2011-04-24,2.0,26.033333333333331,25.224999999999998,25.629166666666663
A304,2011-04-25,0.0,27.404166666666669,26.5125,26.958333333333336
A304,2011-04-26,3.2,26.75,25.779166666666669,26.264583333333334
A304,2011-04-27,3.2,26.445833333333333,25.69166666666667,26.06875
A304,2011-04-28,0.0,27.69166666666667,26.770833333333332,27.231250000000003
A304,2011-04-29,3.1999999999999997,26.925000000000004,26.033333333333335,26.479166666666671
A304,2011-04-30,25.2,27.337500000000002,26.383333333333336,26.860416666666669
A304,2011-05-01,5.6000000000000005,26.845833333333331,26.024999999999995,26.435416666666661
A304,2011-05-02,22.199999999999996,26.55,25.641666666666666,26.095833333333331
A304,2011-05-03,7.2,26.69166666666667,26.000000000000007,26.345833333333339
A304,2011-05-04,82.40000000000002,25.891666666666669,25.179166666666664,25.535416666666666
A304,2011-05-05,9.6,26.924999999999997,26.241666666666664,26.583333333333329
A304,2011-05-06,4.0,27.525,26.5125,27.018749999999997
A304,2011-05-07,0.0,26.833333333333339,26.141666666666669,26.487500000000004
A304,2011-05-08,0.0,27.0375,26.075000000000003,26.556250000000002
A304,2011-05-09,9.0,25.737499999999997,25.041666666666671,25.389583333333334
A304,2011-05-10,22.4,26.145833333333336,25.275000000000002,25.710416666666667
A304,2011-05-11,20.2,25.920833333333334,25.270833333333336,25.595833333333335
A304,2011-05-12,0.0,26.6625,25.962500000000002,26.3125
A304,2011-05-13,0.0,25.973913043478259,25.273913043478267,25.623913043478261
A304,2011-05-14,2.4000000000000004,25.558333333333337,24.924999999999997,25.241666666666667
A304,2011-05-15,44.0,24.383333333333333,23.908333333333331,24.145833333333332
A304,2011-05-16,0.4,25.679166666666667,24.908333333333331,25.29375
A304,2011-05-17,1.2,26.633333333333336,25.954166666666669,26.293750000000003
A304,2011-05-18,0.8,26.958333333333339,26.204166666666669,26.581250000000004
A304,2011-05-19,6.0000000000000009,25.758333333333333,25.004166666666666,25.38125
A304,2011-05-20,22.2,24.999999999999996,24.4875,24.74375
A304,2011-05-21,0.0,26.3125,25.62916666666667,25.970833333333335
A304,2011-05-22,0.0,26.854166666666668,26.15,26.502083333333331
A304,2011-05-23,48.199999999999996,25.683333333333334,24.845833333333331,25.264583333333334
A304,2011-05-24,32.0,25.687499999999996,24.825,25.256249999999998
A304,2011-05-25,11.600000000000001,26.3,25.208333333333336,25.75416666666667
A304,2011-05-26,9.2000000000000011,26.129166666666666,25.204166666666666,25.666666666666664
A304,2011-05-27,0.0,26.299999999999994,25.604166666666671,25.952083333333334
A304,2011-05-28,0.0,26.795833333333334,25.941666666666666,26.36875
A304,2011-05-29,0.6,26.779166666666669,25.991666666666667,26.385416666666668
A304,2011-05-30,1.4000000000000001,26.7125,26.025,26.36875
A304,2011-05-31,0.0,26.712500000000006,25.979166666666668,26.345833333333339
A304,2011-06-01,0.0,27.570833333333336,26.67916666666666,27.125
A304,2011-06-02,0.8,27.033333333333335,25.954166666666662,26.49375
A304,2011-06-03,0.60000000000000009,26.575,25.845833333333331,26.210416666666667
A304,2011-06-04,90.4,25.529166666666665,24.570833333333329,25.049999999999997
A304,2011-06-05,0.0,26.008333333333333,25.179166666666664,25.59375
A304,2011-06-06,11.200000000000001,26.229166666666671,25.341666666666672,25.78541666666667
A304,2011-06-07,26.6,24.908333333333335,24.066666666666663,24.487499999999997
A304,2011-06-08,5.2,24.708333333333336,24.175000000000004,24.44166666666667
A304,2011-06-09,2.2,24.375,23.845833333333335,24.110416666666666
A304,2011-06-10,0.0,25.208333333333329,24.4875,24.847916666666663
A304,2011-06-11,3.8000000000000003,26.258333333333333,25.583333333333336,25.920833333333334
A304,2011-06-12,4.6000000000000005,26.258333333333333,25.475000000000005,25.866666666666667
A304,2011-06-13,0.0,25.904166666666665,25.095833333333331,25.5
A304,2011-06-14,0.0,25.713043478260868,24.886956521739133,25.3
A304,2011-06-15,0.0,26.124999999999993,25.429166666666671,25.77708333333333
A304,2011-06-16,25.799999999999997,24.983333333333334,24.095833333333335,24.539583333333333
A304,2011-06-17,0.8,25.445833333333333,24.74583333333333,25.095833333333331
A304,2011-06-18,4.0000000000000009,26.220833333333331,25.391666666666666,25.80625
A304,2011-06-19,35.600000000000009,24.662499999999998,24.020833333333336,24.341666666666669
A304,2011-06-20,2.6000000000000005,25.470833333333331,24.770833333333336,25.120833333333334
A304,2011-06-21,0.60000000000000009,25.812499999999996,24.891666666666669,25.352083333333333
A304,2011-06-22,14.6,25.308333333333334,24.629166666666663,24.96875
A304,2011-06-23,6.6000000000000005,25.966666666666669,25.179166666666674,25.572916666666671
A304,2011-06-24,0.8,25.233333333333331,24.654166666666669,24.94375
A304,2011-06-25,0.0,25.900000000000002,25.116666666666667,25.508333333333333
A304,2011-06-26,4.6,25.608333333333334,24.841666666666669,25.225
A304,2011-06-27,23.999999999999996,24.491666666666664,23.75,24.12083333333333
A304,2011-06-28,20.599999999999998,25.366666666666667,24.604166666666668,24.985416666666666
A304,2011-06-29,56.000000000000007,24.445833333333336,23.608333333333338,24.027083333333337
A304,2011-06-30,0.4,25.745833333333334,24.93333333333333,25.33958333333333
A304,2011-07-01,0.0,25.8125,25.066666666666663,25.439583333333331
A304,2011-07-02,0.8,24.541666666666664,23.845833333333331,24.193749999999998
A304,2011-07-03,6.7999999999999989,23.925000000000004,23.145833333333332,23.53541666666667
A304,2011-07-04,0.2,25.2625,24.5875,24.924999999999997
A304,2011-07-05,13.0,24.2875,23.745833333333334,24.016666666666666
A304,2011-07-06,0.0,25.099999999999998,24.433333333333337,24.766666666666666
A304,2011-07-07,27.6,25.120833333333337,24.058333333333334,24.589583333333337
A304,2011-07-08,2.2,25.395833333333332,24.445833333333333,24.920833333333334
A304,2011-07-09,3.2,25.770833333333336,25.075000000000003,25.422916666666669
A304,2011-07-10,1.4000000000000001,25.633333333333336,24.595833333333342,25.114583333333339
A304,2011-07-11,10.000000000000002,24.4625,23.674999999999997,24.068749999999998
A304,2011-07-12,9.6,24.445833333333333,23.604166666666664,24.025
A304,2011-07-13,2.6,24.1375,23.587500000000002,23.8625
A304,2011-07-14,0.2,25.325000000000003,24.591666666666665,24.958333333333336
A304,2011-07-15,52.0,23.799999999999997,22.887500000000006,23.34375
A304,2011-07-16,7.6000000000000005,23.570833333333333,22.979166666666664,23.275
A304,2011-07-17,1.6,24.591304347826092,23.856521739130432,24.223913043478262
A304,2011-07-18,0.0,24.9375,24.224999999999998,24.581249999999997
A304,2011-07-19,0.0,25.125000000000004,24.341666666666658,24.733333333333331
A304,2011-07-20,0.0,25.4375,24.654166666666665,25.045833333333334
A304,2011-07-21,0.0,25.629166666666666,24.81666666666667,25.22291666666667
A304,2011-07-22,0.0,25.941666666666663,25.137499999999996,25.539583333333329
A304,2011-07-23,0.0,25.8875,24.966666666666672,25.427083333333336
A304,2011-07-24,0.0,25.445833333333333,24.649999999999995,25.047916666666666
A304,2011-07-25,0.0,25.3125,24.454166666666669,24.883333333333333
A304,2011-07-26,0.0,25.6625,24.858333333333331,25.260416666666664
A304,2011-07-27,0.0,24.562500000000004,23.595833333333335,24.079166666666669
A304,2011-07-28,0.0,25.095833333333324,24.229166666666664,24.662499999999994
A304,2011-07-29,0.0,25.275000000000002,24.25,24.762500000000003
A304,2011-07-30,3.0,25.174999999999997,24.3625,24.768749999999997
A304,2011-07-31,2.8000000000000003,25.966666666666672,25.033333333333339,25.500000000000007
A304,2011-08-01,0.0,26.63333333333334,25.904166666666665,26.268750000000004
A304,2011-08-02,0.0,25.35,24.416666666666664,24.883333333333333
A304,2011-08-03,0.0,25.595833333333335,24.766666666666666,25.18125
A304,2011-08-04,0.0,26.974999999999998,26.049999999999997,26.512499999999996
A304,2011-08-05,0.0,27.05833333333333,26.341666666666672,26.700000000000003
A304,2011-08-06,0.4,26.8,25.962500000000002,26.38125
A304,2011-08-07,0.0,25.56666666666667,24.691666666666663,25.129166666666666
A304,2011-08-08,0.0,25.424999999999997,24.433333333333334,24.929166666666667
A304,2011-08-09,1.0,23.5125,22.537500000000005,23.025000000000002
A304,2011-08-10,1.0,24.3875,23.816666666666666,24.102083333333333
A304,2011-08-11,0.0,26.200000000000003,25.470833333333335,25.835416666666667
A304,2011-08-12,0.2,24.950000000000003,23.920833333333331,24.435416666666669
A304,2011-08-13,0.60000000000000009,24.604166666666668,23.783333333333331,24.19375
A304,2011-08-14,16.0,23.166666666666668,22.608333333333334,22.887500000000003
A304,2011-08-15,1.8,24.579166666666666,23.758333333333329,24.168749999999996
A304,2011-08-16,0.0,24.845833333333331,23.916666666666671,24.38125
A304,2011-08-17,13.6,24.900000000000002,23.983333333333331,24.441666666666666
A304,2011-08-18,4.6000000000000005,23.966666666666665,22.925000000000004,23.445833333333333
A304,2011-08-19,0.4,25.216666666666661,24.2625,24.739583333333329
A304,2011-08-20,4.6,25.237500000000004,24.425,24.831250000000004
A304,2011-08-21,0.0,25.649999999999995,24.76250000000001,25.206250000000004
A304,2011-08-22,7.6000000000000005,24.958333333333332,23.704166666666666,24.331249999999997
A304,2011-08-23,5.6000000000000005,26.375,25.058333333333334,25.716666666666669
A304,2011-08-24,0.0,26.104166666666671,25.225000000000005,25.66458333333334
A304,2011-08-25,19.8,24.130434782608692,23.569565217391307,23.85
A304,2011-08-26,2.8,25.975,25.079166666666666,25.527083333333334
A304,2011-08-27,0.4,25.270833333333329,24.541666666666668,24.90625
A304,2011-08-28,0.0,25.804166666666667,24.85,25.327083333333334
A304,2011-08-29,2.4,25.458333333333332,24.725,25.091666666666669
A304,2011-08-30,0.0,26.154166666666672,25.349999999999998,25.752083333333335
A304,2011-08-31,2.2,25.56818181818182,24.813636363636366,25.190909090909095
A304,2011-09-01,0.0,25.45652173913043,24.539130434782606,24.997826086956518
A304,2011-09-02,0.0,25.875,25.066666666666666,25.470833333333331
A304,2011-09-03,0.4,26.116666666666664,25.079166666666666,25.597916666666663
A304,2011-09-04,2.0000000000000004,25.204166666666669,24.4125,24.808333333333337
A304,2011-09-05,0.2,25.554166666666667,24.679166666666671,25.116666666666667
A304,2011-09-06,0.0,25.162499999999998,24.2625,24.7125
A304,2011-09-07,0.0,25.925,24.983333333333327,25.454166666666666
A304,2011-09-08,0.0,25.804166666666667,24.991666666666671,25.397916666666667
A304,2011-09-09,0.0,25.679166666666667,24.6625,25.170833333333334
A304,2011-09-10,0.0,25.741666666666667,24.9,25.320833333333333
A304,2011-09-11,0.8,26.558333333333334,25.6125,26.085416666666667
A304,2011-09-12,0.6,25.741666666666671,24.8125,25.277083333333337
A304,2011-09-13,0.0,25.716666666666669,24.795833333333338,25.25625
A304,2011-09-14,0.0,25.720833333333335,24.866666666666667,25.293750000000003
A304,2011-09-15,6.2,25.541666666666664,24.708333333333336,25.125
A304,2011-09-16,0.0,26.487500000000004,25.629166666666663,26.058333333333334
A304,2011-09-17,0.0,26.5375,25.7,26.11875
A304,2011-09-18,0.0,24.945833333333336,23.900000000000002,24.422916666666669
A304,2011-09-19,0.4,24.7875,23.970833333333335,24.37916666666667
A304,2011-09-20,0.0,25.1625,24.287499999999998,24.725
A304,2011-09-21,0.0,25.033333333333335,23.983333333333334,24.508333333333333
A304,2011-09-22,0.0,25.570833333333329,24.762499999999992,25.166666666666661
A304,2011-09-23,0.0,25.94166666666667,24.941666666666666,25.44166666666667
A304,2011-09-24,0.0,26.366666666666664,25.458333333333336,25.9125
A304,2011-09-25,0.0,26.3125,25.425,25.86875
A304,2011-09-26,0.0,26.254166666666674,25.341666666666669,25.797916666666673
A304,2011-09-27,0.2,26.112500000000004,25.254166666666663,25.683333333333334
A304,2011-09-28,0.0,26.258333333333333,25.454166666666662,25.856249999999996
A304,2011-09-29,0.0,26.62916666666667,25.804166666666667,26.216666666666669
A304,2011-09-30,0.0,25.808333333333334,24.762500000000003,25.28541666666667
A304,2011-10-01,0.0,26.466666666666669,25.666666666666668,26.06666666666667
A304,2011-10-02,0.0,26.12916666666667,25.125000000000004,25.627083333333339
A304,2011-10-03,0.0,26.7875,25.920833333333331,26.354166666666664
A304,2011-10-04,0.4,26.866666666666667,25.966666666666672,26.416666666666671
A304,2011-10-05,0.2,27.204166666666666,26.44166666666667,26.822916666666668
A304,2011-10-06,0.0,27.016666666666669,26.254166666666663,26.635416666666664
A304,2011-10-07,0.0,26.320833333333333,25.3125,25.816666666666666
A304,2011-10-08,0.0,26.0375,25.05,25.543750000000003
A304,2011-10-09,0.0,26.0375,25.0875,25.5625
A304,2011-10-10,0.4,26.562500000000004,25.766666666666669,26.164583333333336
A304,2011-10-11,0.0,26.929166666666667,26.045833333333334,26.4875
A304,2011-10-12,0.0,27.041666666666668,26.216666666666672,26.62916666666667
A304,2011-10-13,0.0,27.170833333333334,26.341666666666669,26.75625
A304,2011-10-14,0.0,27.070833333333333,26.291666666666664,26.68125
A304,2011-10-15,1.8,26.829166666666666,25.733333333333331,26.28125
A304,2011-10-16,1.7999999999999998,26.729166666666668,25.833333333333329,26.28125
A304,2011-10-17,0.0,26.466666666666665,25.922222222222221,26.194444444444443
A304,2011-10-18,0.0,28.306666666666668,26.919999999999998,27.613333333333333
A304,2011-10-19,3.4000000000000004,27.104166666666664,26.320833333333333,26.7125
A304,2011-10-20,0.0,27.2,26.370833333333334,26.785416666666666
A304,2011-10-21,6.6000000000000005,26.654166666666661,25.620833333333334,26.137499999999996
A304,2011-10-22,0.0,27.05416666666666,26.308333333333326,26.681249999999991
A304,2011-10-23,0.0,27.066666666666666,26.12083333333333,26.59375
A304,2011-10-24,0.0,27.358333333333327,26.5625,26.960416666666664
A304,2011-10-25,0.2,27.358333333333327,26.4375,26.897916666666664
A304,2011-10-26,0.0,27.420833333333334,26.625000000000004,27.022916666666667
A304,2011-10-27,0.0,27.608333333333331,26.845833333333339,27.227083333333333
A304,2011-10-28,0.0,27.412499999999998,26.558333333333334,26.985416666666666
A304,2011-10-29,0.0,26.608333333333334,25.770833333333336,26.189583333333335
A304,2011-10-30,0.0,27.350000000000005,26.495833333333334,26.922916666666669
A304,2011-10-31,0.0,27.479166666666664,26.595833333333331,27.037499999999998
A304,2011-11-01,0.0,27.745833333333334,26.841666666666661,27.293749999999996
A304,2011-11-02,3.0,27.137500000000006,26.004166666666663,26.570833333333333
A304,2011-11-03,0.0,27.404166666666665,26.558333333333337,26.981250000000003
A304,2011-11-04,0.2,27.641666666666666,26.770833333333339,27.206250000000004
A304,2011-11-05,0.0,27.625000000000004,26.791666666666664,27.208333333333336
A304,2011-11-06,0.0,27.499999999999993,26.633333333333329,27.066666666666663
A304,2011-11-07,0.0,27.30416666666666,26.487500000000004,26.895833333333332
A304,2011-11-08,0.0,27.645833333333336,26.770833333333339,27.208333333333336
A304,2011-11-09,4.6000000000000005,26.950000000000003,25.558333333333334,26.25416666666667
A304,2011-11-10,12.600000000000001,26.595833333333335,25.404166666666669,26.0
A304,2011-11-11,0.60000000000000009,27.275000000000002,26.279166666666669,26.777083333333337
A304,2011-11-12,9.6,27.225,26.104166666666671,26.664583333333336
A304,2011-11-13,0.2,27.450000000000003,26.479166666666671,26.964583333333337
A304,2011-11-14,2.2,27.208333333333336,26.249999999999996,26.729166666666664
A304,2011-11-15,0.8,27.458333333333329,26.62916666666667,27.04375
A304,2011-11-16,0.0,27.595833333333331,26.804166666666664,27.199999999999996
A304,2011-11-17,0.0,27.554166666666664,26.583333333333332,27.068749999999998
A304,2011-11-18,0.0,27.666666666666664,26.820833333333333,27.24375
A304,2011-11-19,0.0,27.754166666666663,27.000000000000007,27.377083333333335
A304,2011-11-20,0.0,27.591666666666661,26.75416666666667,27.172916666666666
A304,2011-11-21,0.0,27.587500000000002,26.829166666666669,27.208333333333336
A304,2011-11-22,0.0,27.75416666666667,26.925000000000004,27.339583333333337
A304,2011-11-23,0.0,27.56666666666667,26.8875,27.227083333333333
A304,2011-11-24,0.0,27.716666666666669,26.970833333333328,27.34375
A304,2011-11-25,0.0,27.5,26.770833333333336,27.135416666666668
A304,2011-11-26,0.0,27.266666666666666,26.345833333333339,26.806250000000002
A304,2011-11-27,0.0,27.62083333333333,26.812500000000004,27.216666666666669
A304,2011-11-28,4.2,27.191666666666666,26.116666666666667,26.654166666666669
A304,2011-11-29,0.4,27.633333333333336,26.69166666666667,27.1625
A304,2011-11-30,0.0,27.574999999999992,26.791666666666668,27.18333333333333
A304,2011-12-01,0.0,27.741666666666667,27.000000000000004,27.370833333333337
A304,2011-12-02,0.0,27.65,26.687499999999996,27.168749999999996
A304,2011-12-03,0.0,27.458333333333332,26.433333333333334,26.945833333333333
A304,2011-12-04,2.0,27.683333333333334,26.8375,27.260416666666664
A304,2011-12-05,0.0,27.854166666666668,26.945833333333333,27.4
A304,2011-12-06,2.6,27.091666666666672,26.0125,26.552083333333336
A304,2011-12-07,0.0,27.450000000000003,26.712500000000002,27.081250000000004
A304,2011-12-08,0.0,27.599999999999998,26.808333333333334,27.204166666666666
A304,2011-12-09,0.0,27.625,26.908333333333339,27.266666666666669
A304,2011-12-10,0.0,27.908333333333339,26.9875,27.447916666666671
A304,2011-12-11,0.0,27.720833333333331,26.845833333333331,27.283333333333331
A304,2011-12-12,0.0,27.841666666666665,26.820833333333329,27.331249999999997
A304,2011-12-13,0.0,27.8875,27.008333333333333,27.447916666666664
A304,2011-12-14,0.0,27.7625,26.908333333333331,27.335416666666667
A304,2011-12-15,1.2,27.762499999999996,26.829166666666666,27.295833333333331
A304,2011-12-16,4.8000000000000007,27.475,26.470833333333331,26.972916666666666
A304,2011-12-17,0.0,27.74583333333333,26.904166666666669,27.325
A304,2011-12-18,0.0,27.383333333333333,26.462500000000002,26.922916666666666
A304,2011-12-19,0.0,27.845833333333331,27.045833333333331,27.445833333333333
A304,2011-12-20,0.0,27.9625,27.216666666666669,27.589583333333334
A304,2011-12-21,1.0,27.825,26.979166666666664,27.40208333333333
A304,2011-12-22,0.0,27.979166666666668,27.058333333333337,27.518750000000004
A304,2011-12-23,0.0,27.866666666666667,27.099999999999998,27.483333333333334
A304,2011-12-24,1.4,27.891666666666666,27.0,27.445833333333333
A304,2011-12-25,1.4000000000000001,27.833333333333332,26.8,27.316666666666666
A304,2011-12-26,2.5999999999999996,27.295833333333334,26.3125,26.804166666666667
A304,2011-12-27,0.0,27.516666666666666,26.700000000000003,27.108333333333334
A304,2011-12-28,0.0,27.816666666666666,26.995833333333334,27.40625
A304,2011-12-29,1.0,27.770833333333329,26.870833333333334,27.320833333333333
A304,2011-12-30,0.0,27.937499999999993,27.100000000000005,27.518749999999997
A304,2011-12-31,0.0,28.024999999999995,27.170833333333338,27.597916666666666
A304,2012-01-01,0.2,28.008333333333336,26.9875,27.497916666666669
A304,2012-01-02,1.4,27.720833333333328,26.69166666666667,27.206249999999997
A304,2012-01-03,4.0,27.44166666666667,26.3125,26.877083333333335
A304,2012-01-04,0.0,27.620833333333334,26.833333333333336,27.227083333333333
A304,2012-01-05,0.0,27.766666666666666,26.945833333333336,27.356250000000003
A304,2012-01-06,0.4,27.724999999999994,26.770833333333339,27.247916666666669
A304,2012-01-07,0.2,27.841666666666661,26.974999999999998,27.408333333333331
A304,2012-01-08,8.0,26.970833333333331,25.979166666666664,26.474999999999998
A304,2012-01-09,9.8,27.120833333333334,26.11666666666666,26.61875
A304,2012-01-10,0.0,28.020833333333329,27.166666666666668,27.59375
A304,2012-01-11,0.4,27.825000000000003,26.720833333333331,27.272916666666667
A304,2012-01-12,1.8,27.074999999999996,26.174999999999997,26.624999999999996
A304,2012-01-13,0.0,28.095833333333328,27.304166666666667,27.699999999999996
A304,2012-01-14,0.0,28.033333333333328,27.233333333333334,27.633333333333333
A304,2012-01-15,0.0,28.008333333333333,27.245833333333334,27.627083333333331
A304,2012-01-16,0.0,27.454166666666666,26.462499999999995,26.958333333333329
A304,2012-01-17,0.0,27.187500000000004,26.399999999999995,26.79375
A304,2012-01-18,0.0,27.841666666666669,27.095833333333331,27.46875
A304,2012-01-19,0.0,27.858333333333331,26.870833333333334,27.364583333333332
A304,2012-01-20,0.0,27.974999999999994,27.145833333333332,27.560416666666661
A304,2012-01-21,0.4,27.899999999999995,27.025000000000002,27.4625
A304,2012-01-22,0.60000000000000009,27.541666666666664,26.458333333333332,27.0
A304,2012-01-23,37.0,25.975,25.083333333333332,25.529166666666669
A304,2012-01-24,2.4,27.704166666666669,26.658333333333328,27.18125
A304,2012-01-25,0.0,27.920833333333331,27.116666666666667,27.518749999999997
A304,2012-01-26,0.0,27.829166666666666,27.087500000000002,27.458333333333336
A304,2012-01-27,0.2,27.445833333333336,26.508333333333336,26.977083333333336
A304,2012-01-28,0.0,27.704166666666669,26.891666666666669,27.297916666666669
A304,2012-01-29,0.6,27.637499999999996,26.783333333333335,27.210416666666667
A304,2012-01-30,0.0,27.65,26.841666666666665,27.24583333333333
A304,2012-01-31,0.0,27.799999999999997,27.012499999999996,27.406249999999996